a,b,c,d,e,f,g,h,i,
2,1,1.38388,1.44927,1.60921,2.00529,2.09287,2.09708,-0.3074,
2.048,1,1.40851,1.60715,1.79362,2.17665,2.45209,2.5442,0.759621,
2.096,1,1.43293,1.76685,1.95562,2.21224,2.49265,2.36712,1.44037,
2.144,1,1.45714,1.90301,2.05597,2.15114,2.25522,2.2836,2.01563,
2.192,1,1.48115,1.99608,2.08033,2.05982,2.09327,2.16216,2.2949,
2.24,1,1.50497,2.03516,2.04,1.98198,2.12054,1.93085,2.19349,
2.288,1,1.52862,2.01885,1.9631,1.92786,2.13879,1.81811,1.8592,
2.336,1,1.55209,1.95435,1.88149,1.89265,2.02423,1.71436,1.13625,
2.384,1,1.57539,1.85526,1.81924,1.87574,1.89742,1.64377,0.439904,
2.432,1,1.59854,1.73878,1.78628,1.88362,1.89397,1.63739,-0.0986086,
2.48,1,1.62153,1.62286,1.77843,1.91877,1.96233,1.61663,-0.391756,
2.528,1,1.64437,1.52364,1.78236,1.96886,1.9674,1.61842,-0.450596,
2.576,1,1.66707,1.45361,1.78275,2.00751,1.89235,1.66352,-0.485072,
2.624,1,1.68963,1.42059,1.76894,2.00727,1.8449,1.7122,-0.495131,
2.672,1,1.71206,1.42744,1.7389,1.95609,1.89121,1.73997,-0.606669,
2.72,1,1.73436,1.47244,1.69986,1.86664,1.95954,1.71836,-0.680091,
2.768,1,1.75653,1.55013,1.66585,1.77304,1.93034,1.67603,-0.747529,
2.816,1,1.77857,1.65252,1.65333,1.71698,1.78862,1.64574,-0.688782,
2.864,1,1.8005,1.77027,1.67648,1.73043,1.65851,1.55454,-0.657766,
2.912,1,1.82232,1.89386,1.74326,1.82323,1.6901,1.43973,-0.680937,
2.96,1,1.84402,2.01456,1.85334,1.98025,1.92328,1.56433,-0.615708,
3.008,2,1.86561,2.12515,1.99807,2.16827,2.25718,1.99627,0.484797,
3.056,2,1.88709,2.22036,2.1622,2.34842,2.53679,2.37233,0.595131,
3.104,2,1.90848,2.29704,2.32695,2.4889,2.66615,2.37949,0.758417,
3.152,2,1.92976,2.35404,2.47349,2.57325,2.65551,2.17222,0.858018,
3.2,2,1.95094,2.39202,2.58611,2.60219,2.58322,2.06393,0.893695,
3.248,2,1.97202,2.41301,2.65465,2.5897,2.52301,2.08035,1.00171,
3.296,2,1.99302,2.42005,2.67568,2.55571,2.49864,2.05535,1.1777,
3.344,2,2.01392,2.41664,2.65247,2.5187,2.48951,1.96001,1.30667,
3.392,2,2.03473,2.40643,2.59394,2.49043,2.46666,1.90343,1.44815,
3.44,2,2.05545,2.39281,2.51278,2.47417,2.4225,1.91375,1.55566,
3.488,2,2.07609,2.37867,2.42334,2.46603,2.37342,1.90888,1.59974,
3.536,2,2.09664,2.36623,2.3394,2.45845,2.34079,1.85328,1.66581,
3.584,2,2.11711,2.35697,2.27242,2.44407,2.33058,1.81093,1.71587,
3.632,2,2.1375,2.35161,2.23024,2.41878,2.32825,1.83582,1.74509,
3.68,2,2.15781,2.35021,2.21646,2.38323,2.31063,1.89603,1.76525,
3.728,2,2.17805,2.35224,2.23051,2.34244,2.26401,1.92743,1.77549,
3.776,2,2.19821,2.35679,2.26817,2.30416,2.195,1.90905,1.77064,
3.824,2,2.2183,2.36269,2.32259,2.27656,2.12769,1.86193,1.79055,
3.872,2,2.23831,2.36867,2.38539,2.266,2.08987,1.80972,1.83207,
3.92,2,2.25825,2.37354,2.44789,2.27548,2.09763,1.77025,1.839,
3.968,2,2.27812,2.37625,2.5022,2.30408,2.14691,1.76562,1.87235,
4.016,2,2.29793,2.37607,2.54203,2.34724,2.21577,1.80619,1.83108,
4.064,2,2.31766,2.37257,2.56328,2.39789,2.27506,1.86225,1.73769,
4.112,2,2.33733,2.36569,2.56424,2.44786,2.30142,1.87628,1.7108,
4.16,2,2.35694,2.35572,2.54556,2.48936,2.28657,1.81941,1.67943,
4.208,2,2.37648,2.34329,2.50994,2.51619,2.23922,1.72926,1.68259,
4.256,2,2.39596,2.32929,2.46167,2.52457,2.18001,1.6791,1.72155,
4.304,2,2.41537,2.31483,2.40605,2.51346,2.13239,1.70685,1.73124,
4.352,2,2.43473,2.30116,2.34877,2.48446,2.1135,1.77885,1.69287,
4.4,2,2.45402,2.28959,2.29539,2.44147,2.12841,1.82503,1.65552,
4.448,2,2.47326,2.28138,2.25086,2.39,2.16937,1.80665,1.62232,
4.496,2,2.49244,2.27773,2.21915,2.33657,2.21976,1.74818,1.58553,
4.544,2,2.51156,2.27966,2.20303,2.28797,2.26081,1.70687,1.51148,
4.592,2,2.53063,2.28799,2.20402,2.25066,2.2787,1.7152,1.43738,
4.64,2,2.54964,2.3033,2.2224,2.23024,2.26963,1.75205,1.36679,
4.688,2,2.5686,2.32589,2.25733,2.23102,2.24143,1.7657,1.27318,
4.736,2,2.58751,2.35579,2.3071,2.25565,2.2114,1.72364,1.22799,
4.784,2,2.60636,2.39276,2.3693,2.30498,2.20113,1.64552,1.17684,
4.832,2,2.62516,2.43631,2.44114,2.37794,2.23001,1.59469,1.12123,
4.88,2,2.64391,2.4857,2.51965,2.47163,2.30931,1.63815,1.12766,
4.928,2,2.66261,2.54003,2.60192,2.58151,2.43857,1.80505,1.12161,
4.976,2,2.68126,2.59821,2.68526,2.70176,2.60527,2.06942,1.03795,
5.024,3,2.69986,2.65909,2.76732,2.82574,2.78774,2.36353,2.1531,
5.072,3,2.71841,2.72142,2.84617,2.94659,2.96042,2.61051,2.05984,
5.12,3,2.73691,2.78394,2.92031,3.05775,3.10009,2.75755,2.06293,
5.168,3,2.75537,2.84545,2.98869,3.15359,3.19109,2.79471,2.06999,
5.216,3,2.77378,2.90479,3.05063,3.22987,3.22859,2.75284,2.07276,
5.264,3,2.79215,2.9609,3.10578,3.28407,3.21882,2.68425,2.0761,
5.312,3,2.81047,3.01288,3.15404,3.31564,3.17661,2.63627,2.09572,
5.36,3,2.82875,3.05997,3.19549,3.32588,3.12112,2.63082,2.14271,
5.408,3,2.84698,3.10158,3.2303,3.3178,3.07077,2.65907,2.17813,
5.456,3,2.86517,3.13731,3.25872,3.29572,3.039,2.6927,2.20758,
5.504,3,2.88332,3.16694,3.28098,3.26477,3.03167,2.70407,2.23575,
5.552,3,2.90142,3.19044,3.29732,3.23034,3.0466,2.68316,2.27077,
5.6,3,2.91949,3.20795,3.30797,3.1975,3.07526,2.64176,2.32351,
5.648,3,2.93751,3.21977,3.31311,3.17051,3.10576,2.60373,2.34296,
5.696,3,2.95549,3.22635,3.31296,3.15244,3.12643,2.58846,2.35821,
5.744,3,2.97343,3.22825,3.30775,3.1449,3.12886,2.59871,2.36152,
5.792,3,2.99133,3.22617,3.29778,3.14801,3.10984,2.62001,2.37339,
5.84,3,3.0092,3.22083,3.28343,3.16043,3.07174,2.6313,2.40399,
5.888,3,3.02702,3.21307,3.26518,3.17965,3.0215,2.61923,2.42075,
5.936,3,3.04481,3.2037,3.24364,3.20235,2.9685,2.5867,2.44057,
5.984,3,3.06256,3.19359,3.21957,3.22479,2.92212,2.55057,2.4537,
6.032,3,3.08027,3.18355,3.19382,3.24328,2.88948,2.53041,2.47002,
6.08,3,3.09794,3.17439,3.16739,3.25462,2.87391,2.53575,2.4759,
6.128,3,3.11558,3.16684,3.14135,3.25644,2.87449,2.55989,2.48972,
6.176,3,3.13318,3.16158,3.11684,3.24746,2.88659,2.58381,2.47805,
6.224,3,3.15075,3.1592,3.09502,3.22766,2.9032,2.58772,2.47355,
6.272,3,3.16828,3.16021,3.07704,3.19823,2.91673,2.56292,2.45261,
6.32,3,3.18577,3.165,3.06397,3.16153,2.92083,2.51722,2.42875,
6.368,3,3.20323,3.17388,3.05679,3.12082,2.91171,2.47056,2.39863,
6.416,3,3.22066,3.18704,3.05631,3.07997,2.88901,2.44357,2.3907,
6.464,3,3.23805,3.20457,3.06319,3.04313,2.85578,2.44551,2.37785,
6.512,3,3.25541,3.22648,3.07785,3.01436,2.81791,2.46835,2.38562,
6.56,3,3.27274,3.25266,3.10052,2.99727,2.783,2.49036,2.38665,
6.608,3,3.29004,3.28292,3.13115,2.99476,2.7591,2.48749,2.39031,
6.656,3,3.3073,3.317,3.16948,3.00876,2.75339,2.44684,2.38698,
6.704,3,3.32453,3.35456,3.21501,3.04009,2.77111,2.37555,2.40628,
6.752,3,3.34173,3.3952,3.26703,3.08845,2.81492,2.30062,2.41595,
6.8,3,3.35889,3.43847,3.32464,3.15244,2.88469,2.25948,2.43481,
6.848,3,3.37603,3.4839,3.3868,3.22966,2.9776,2.28549,2.45298,
6.896,3,3.39313,3.53097,3.45233,3.31697,3.08868,2.3944,2.4799,
6.944,3,3.41021,3.57916,3.51998,3.41068,3.21144,2.57749,2.51295,
6.992,3,3.42725,3.62795,3.58848,3.50683,3.33863,2.80389,2.70669,
7.04,4,3.44427,3.67682,3.65655,3.60148,3.463,3.03089,3.53511,
7.088,4,3.46125,3.72524,3.72295,3.69097,3.57785,3.2179,3.55734,
7.136,4,3.47821,3.77275,3.78655,3.77213,3.67756,3.33872,3.57362,
7.184,4,3.49514,3.81888,3.84632,3.84246,3.7579,3.38786,3.58008,
7.232,4,3.51203,3.86322,3.90137,3.90025,3.81624,3.37934,3.59325,
7.28,4,3.5289,3.90539,3.95098,3.94463,3.8516,3.3391,3.59785,
7.328,4,3.54574,3.94507,3.99462,3.97558,3.86464,3.29463,3.62625,
7.376,4,3.56256,3.98197,4.03194,3.99383,3.85756,3.26571,3.65368,
7.424,4,3.57934,4.01586,4.06278,4.00082,3.83388,3.25931,3.67044,
7.472,4,3.5961,4.04657,4.08718,3.99846,3.79822,3.26994,3.68818,
7.52,4,3.61283,4.07397,4.10534,3.98906,3.75592,3.28436,3.70363,
7.568,4,3.62954,4.09799,4.11764,3.97505,3.71265,3.28841,3.72014,
7.616,4,3.64622,4.1186,4.12457,3.95888,3.67397,3.27328,3.71443,
7.664,4,3.66287,4.13581,4.12678,3.94281,3.64484,3.23877,3.73298,
7.712,4,3.67949,4.14971,4.12497,3.92883,3.62916,3.19314,3.75914,
7.76,4,3.69609,4.1604,4.11992,3.91847,3.62946,3.14963,3.7549,
7.808,4,3.71267,4.16801,4.11247,3.9128,3.64658,3.1216,3.73069,
7.856,4,3.72921,4.17272,4.10343,3.91238,3.67957,3.11793,3.71547,
7.904,4,3.74574,4.17474,4.09363,3.91726,3.7258,3.14027,3.73221,
7.952,4,3.76223,4.17429,4.08382,3.92701,3.7812,3.18301,3.68679,
8,4,3.77871,4.17162,4.07473,3.94084,3.84064,3.23547,3.6958,
8.048,4,3.79516,4.16697,4.06697,3.95763,3.8985,3.28556,3.71158,
8.096,4,3.81158,4.16063,4.06108,3.97605,3.94922,3.3234,3.66374,
8.144,4,3.82798,4.15286,4.05749,3.99472,3.98792,3.34388,3.69645,
8.192,4,3.84435,4.14393,4.0565,4.01225,4.01088,3.34741,3.70838,
8.24,4,3.86071,4.13411,4.05831,4.02738,4.01597,3.33883,3.68438,
8.288,4,3.87703,4.12367,4.06299,4.03907,4.0028,3.32511,3.67626,
8.336,4,3.89334,4.11286,4.07051,4.04654,3.97277,3.31266,3.67003,
8.384,4,3.90962,4.10191,4.08073,4.04936,3.92889,3.30526,3.67377,
8.432,4,3.92588,4.09106,4.09339,4.04741,3.87545,3.30305,3.65833,
8.48,4,3.94211,4.08051,4.10817,4.04094,3.8175,3.303,3.63346,
8.528,4,3.95833,4.07045,4.12468,4.03049,3.76036,3.30042,3.64007,
8.576,4,3.97452,4.06104,4.14245,4.01691,3.70902,3.29106,3.6163,
8.624,4,3.99068,4.05244,4.16098,4.00122,3.66768,3.27294,3.5837,
8.672,4,4.00683,4.04477,4.17977,3.98462,3.63933,3.2475,3.57169,
8.72,4,4.02295,4.03814,4.19828,3.96836,3.62555,3.21952,3.53682,
8.768,4,4.03905,4.03262,4.21598,3.95368,3.62634,3.19601,3.5365,
8.816,4,4.05513,4.02828,4.23238,3.94172,3.64031,3.18433,3.53628,
8.864,4,4.07119,4.02515,4.24702,3.9335,3.66481,3.19009,3.49916,
8.912,4,4.08723,4.02327,4.25947,3.92979,3.69635,3.21544,3.53601,
8.96,4,4.10325,4.02263,4.2694,3.9311,3.73097,3.25825,3.4727,
9.008,4,4.11924,4.02322,4.2765,3.93768,3.76471,3.31233,3.55712,
9.056,4,4.13521,4.025,4.28056,3.94945,3.79401,3.36872,3.44791,
9.104,4,4.15117,4.02795,4.28143,3.96607,3.81604,3.41763,3.50666,
9.152,4,4.1671,4.03199,4.27906,3.98688,3.82898,3.45067,3.5038,
9.2,4,4.18301,4.03707,4.27346,4.01101,3.8321,3.46259,3.45959,
9.248,4,4.19891,4.0431,4.26473,4.03738,3.82582,3.45248,3.48792,
9.296,4,4.21478,4.05002,4.25303,4.06477,3.81152,3.42378,3.47118,
9.344,4,4.23063,4.05773,4.2386,4.09189,3.79138,3.38346,3.4384,
9.392,4,4.24646,4.06614,4.22174,4.11742,3.76808,3.34037,3.46467,
9.44,4,4.26228,4.07516,4.20279,4.1401,3.74445,3.30328,3.45318,
9.488,4,4.27807,4.08471,4.18216,4.15876,3.72319,3.27905,3.4252,
9.536,4,4.29384,4.09469,4.16027,4.17242,3.70659,3.27129,3.45088,
9.584,4,4.3096,4.10501,4.13759,4.1803,3.69627,3.27986,3.45121,
9.632,4,4.32533,4.1156,4.11458,4.18186,3.69308,3.3012,3.43424,
9.68,4,4.34105,4.12637,4.09173,4.17685,3.69701,3.32938,3.45334,
9.728,4,4.35675,4.13725,4.06951,4.1653,3.70728,3.35767,3.44558,
9.776,4,4.37243,4.14818,4.0484,4.14753,3.72239,3.3801,3.43574,
9.824,4,4.38809,4.15911,4.02883,4.12413,3.74037,3.39281,3.46362,
9.872,4,4.40373,4.16999,4.01121,4.09598,3.759,3.39476,3.45772,
9.92,4,4.41935,4.18076,3.99594,4.06413,3.77601,3.38778,3.45087,
9.968,4,4.43496,4.19142,3.98333,4.02986,3.78937,3.37591,3.47368,
10.016,4,4.45054,4.20192,3.9737,3.99457,3.79749,3.36427,3.47031,
10.064,4,4.46611,4.21227,3.96727,3.95974,3.79934,3.35766,3.4794,
10.112,4,4.48166,4.22246,3.96423,3.9269,3.79464,3.35932,3.49327,
10.16,4,4.4972,4.23249,3.96472,3.89753,3.7838,3.37011,3.48622,
10.208,4,4.51271,4.24238,3.96882,3.87307,3.76794,3.38817,3.50469,
10.256,4,4.52821,4.25214,3.97654,3.85481,3.74879,3.40936,3.5094,
10.304,4,4.54369,4.26182,3.98787,3.84388,3.72855,3.42819,3.51711,
10.352,4,4.55916,4.27144,4.00272,3.84121,3.70968,3.43908,3.53282,
10.4,4,4.5746,4.28104,4.02096,3.8475,3.69473,3.43779,3.51524,
10.448,4,4.59003,4.29069,4.04244,3.8632,3.68613,3.42253,3.54099,
10.496,4,4.60545,4.30041,4.06694,3.88848,3.68603,3.39474,3.54835,
10.544,4,4.62084,4.31029,4.09422,3.92325,3.6961,3.35911,3.54045,
10.592,4,4.63622,4.32037,4.12401,3.96717,3.71747,3.32309,3.57415,
10.64,4,4.65158,4.33071,4.15603,4.01965,3.7506,3.29582,3.55136,
10.688,4,4.66693,4.34139,4.18997,4.07985,3.79534,3.28661,3.56882,
10.736,4,4.68226,4.35246,4.22551,4.14675,3.85089,3.3035,3.57095,
10.784,4,4.69757,4.36398,4.26233,4.21918,3.91591,3.35184,3.54905,
10.832,4,4.71287,4.37604,4.30011,4.29581,3.98861,3.43335,3.5812,
10.88,4,4.72815,4.38868,4.33853,4.37525,4.0669,3.54572,3.50649,
10.928,4,4.74341,4.40196,4.37729,4.45604,4.14848,3.68289,3.57347,
10.976,4,4.75866,4.41594,4.41609,4.53674,4.23106,3.83578,3.55249,
11.024,5,4.77389,4.43068,4.45467,4.61592,4.31239,3.99356,4.51297,
11.072,5,4.78911,4.44622,4.49278,4.69224,4.39046,4.14507,4.5027,
11.12,5,4.80431,4.46261,4.5302,4.76446,4.46357,4.28023,4.55305,
11.168,5,4.8195,4.47988,4.56672,4.83147,4.53033,4.39125,4.49551,
11.216,5,4.83467,4.49808,4.60219,4.89233,4.58979,4.47346,4.52428,
11.264,5,4.84983,4.51722,4.63647,4.94628,4.64133,4.52557,4.49888,
11.312,5,4.86497,4.53732,4.66946,4.99275,4.68475,4.54952,4.49643,
11.36,5,4.88009,4.55841,4.70108,5.03139,4.72014,4.54993,4.48033,
11.408,5,4.8952,4.58049,4.7313,5.06202,4.74784,4.53313,4.46692,
11.456,5,4.91029,4.60356,4.76011,5.0847,4.76843,4.50617,4.47239,
11.504,5,4.92537,4.62761,4.78752,5.09966,4.78256,4.47584,4.45853,
11.552,5,4.94044,4.65264,4.81358,5.10732,4.79098,4.4478,4.46356,
11.6,5,4.95549,4.67862,4.83837,5.10827,4.79444,4.42608,4.45665,
11.648,5,4.97053,4.70552,4.86197,5.10321,4.79364,4.41283,4.4571,
11.696,5,4.98555,4.73332,4.88451,5.093,4.78923,4.40836,4.4521,
11.744,5,5.00055,4.76198,4.9061,5.07857,4.78179,4.41154,4.45352,
11.792,5,5.01554,4.79146,4.9269,5.0609,4.77181,4.42021,4.46219,
11.84,5,5.03052,4.82169,4.94705,5.04105,4.75973,4.43179,4.45839,
11.888,5,5.04549,4.85264,4.96673,5.02007,4.74595,4.44375,4.46237,
11.936,5,5.06044,4.88424,4.98609,4.99898,4.73087,4.454,4.46255,
11.984,5,5.07537,4.91642,5.00531,4.97879,4.71488,4.46113,4.47607,
12.032,5,5.09029,4.94911,5.02455,4.96044,4.69848,4.46445,4.47919,
12.08,5,5.1052,4.98226,5.04397,4.94478,4.68218,4.46395,4.48859,
12.128,5,5.12009,5.01577,5.06373,4.93259,4.66661,4.46007,4.49605,
12.176,5,5.13497,5.04958,5.08396,4.92452,4.6525,4.45353,4.50249,
12.224,5,5.14984,5.0836,5.10481,4.9211,4.64063,4.44507,4.50951,
12.272,5,5.16469,5.11776,5.12638,4.92274,4.63186,4.43542,4.51461,
12.32,5,5.17953,5.15197,5.14879,4.92974,4.6271,4.42515,4.53311,
12.368,5,5.19435,5.18615,5.17211,4.94223,4.62722,4.41481,4.53443,
12.416,5,5.20917,5.22022,5.19641,4.96024,4.63308,4.40501,4.54663,
12.464,5,5.22396,5.25409,5.22174,4.98368,4.64542,4.39662,4.53799,
12.512,5,5.23875,5.28769,5.24813,5.01235,4.66486,4.39084,4.55735,
12.56,5,5.25352,5.32093,5.27559,5.04592,4.69184,4.38939,4.54539,
12.608,5,5.26828,5.35374,5.3041,5.08399,4.72657,4.39439,4.56553,
12.656,5,5.28303,5.38604,5.33364,5.1261,4.76903,4.40832,4.54475,
12.704,5,5.29776,5.41776,5.36415,5.17168,4.81895,4.43372,4.57309,
12.752,5,5.31248,5.44883,5.39557,5.22017,4.87579,4.4729,4.54074,
12.8,5,5.32719,5.47918,5.42781,5.27092,4.93877,4.52757,4.57946,
12.848,5,5.34188,5.50875,5.46077,5.3233,5.0069,4.59847,4.53127,
12.896,5,5.35656,5.53747,5.49433,5.37665,5.07898,4.68511,4.60976,
12.944,5,5.37123,5.56531,5.52838,5.43035,5.15366,4.7856,4.49019,
12.992,5,5.38589,5.5922,5.56276,5.48377,5.22952,4.89666,4.90414,
13.04,6,5.40053,5.6181,5.59734,5.53633,5.30507,5.01377,5.63684,
13.088,6,5.41516,5.64296,5.63195,5.58749,5.37887,5.1315,5.52843,
13.136,6,5.42978,5.66676,5.66645,5.63675,5.44954,5.244,5.59454,
13.184,6,5.44439,5.68947,5.70065,5.68368,5.5158,5.34551,5.55421,
13.232,6,5.45898,5.71105,5.7344,5.7279,5.57658,5.43097,5.58693,
13.28,6,5.47356,5.73149,5.76753,5.76911,5.631,5.49647,5.57051,
13.328,6,5.48813,5.75077,5.79988,5.80706,5.6784,5.5397,5.58815,
13.376,6,5.50269,5.76889,5.83128,5.84157,5.7184,5.5602,5.5814,
13.424,6,5.51724,5.78583,5.86159,5.87254,5.75083,5.55933,5.59004,
13.472,6,5.53177,5.80161,5.89065,5.8999,5.77582,5.5402,5.59795,
13.52,6,5.54629,5.81622,5.91832,5.92366,5.79367,5.50732,5.60125,
13.568,6,5.5608,5.82969,5.94449,5.94388,5.80493,5.46607,5.61134,
13.616,6,5.5753,5.84201,5.96902,5.96068,5.81028,5.42221,5.6034,
13.664,6,5.58979,5.85323,5.99182,5.97418,5.81056,5.38122,5.6206,
13.712,6,5.60426,5.86335,6.01279,5.98459,5.80667,5.3478,5.6145,
13.76,6,5.61872,5.87242,6.03185,5.9921,5.79957,5.32543,5.6382,
13.808,6,5.63318,5.88047,6.04895,5.99695,5.7902,5.31604,5.63099,
13.856,6,5.64762,5.88752,6.06402,5.99939,5.77947,5.31991,5.6556,
13.904,6,5.66204,5.89364,6.07705,5.99966,5.76823,5.33575,5.64976,
13.952,6,5.67646,5.89886,6.088,5.99803,5.75719,5.36095,5.66746,
14,6,5.69087,5.90322,6.09688,5.99475,5.74697,5.3919,5.66101,
14.048,6,5.70526,5.90679,6.10369,5.99006,5.73802,5.42453,5.67139,
14.096,6,5.71964,5.90962,6.10848,5.98419,5.73066,5.45478,5.67402,
14.144,6,5.73402,5.91176,6.11127,5.97737,5.72508,5.47904,5.67598,
14.192,6,5.74838,5.91327,6.11213,5.96978,5.72129,5.49463,5.68074,
14.24,6,5.76273,5.91421,6.11111,5.96161,5.71923,5.5,5.67073,
14.288,6,5.77706,5.91465,6.10832,5.95301,5.7187,5.49491,5.68171,
14.336,6,5.79139,5.91465,6.10383,5.94412,5.71943,5.4804,5.67198,
14.384,6,5.80571,5.91427,6.09775,5.93505,5.7211,5.45862,5.68703,
14.432,6,5.82001,5.91358,6.09019,5.92589,5.72335,5.43254,5.6803,
14.48,6,5.83431,5.91265,6.08128,5.91671,5.72582,5.40558,5.69194,
14.528,6,5.84859,5.91153,6.07115,5.90755,5.72817,5.38116,5.69196,
14.576,6,5.86287,5.9103,6.05993,5.89847,5.73008,5.36236,5.69153,
14.624,6,5.87713,5.90902,6.04776,5.88947,5.7313,5.35152,5.69601,
14.672,6,5.89138,5.90776,6.0348,5.88058,5.73164,5.34998,5.6864,
14.72,6,5.90562,5.90657,6.02118,5.87179,5.73096,5.35799,5.69964,
14.768,6,5.91985,5.90553,6.00705,5.8631,5.72921,5.37462,5.68927,
14.816,6,5.93407,5.90468,5.99258,5.85451,5.72641,5.39795,5.69843,
14.864,6,5.94828,5.9041,5.97791,5.84602,5.72264,5.42526,5.69042,
14.912,6,5.96248,5.90384,5.96319,5.83761,5.71803,5.45333,5.69004,
14.96,6,5.97667,5.90396,5.94857,5.82931,5.71275,5.47884,5.69464,
15.008,6,5.99085,5.9045,5.93418,5.82111,5.707,5.49872,5.68454,
15.056,6,6.00502,5.90552,5.92018,5.81303,5.70099,5.51046,5.69697,
15.104,6,6.01918,5.90708,5.90669,5.80511,5.69492,5.51241,5.68635,
15.152,6,6.03333,5.90921,5.89385,5.79739,5.689,5.50396,5.69873,
15.2,6,6.04746,5.91195,5.88177,5.78991,5.68337,5.48558,5.69499,
15.248,6,6.06159,5.91536,5.87057,5.78273,5.67817,5.45878,5.68755,
15.296,6,6.07571,5.91947,5.86036,5.77594,5.67348,5.42597,5.69232,
15.344,6,6.08982,5.9243,5.85124,5.76961,5.66933,5.39019,5.67694,
15.392,6,6.10391,5.9299,5.8433,5.76384,5.66571,5.35484,5.69254,
15.44,6,6.118,5.9363,5.83662,5.75873,5.66256,5.32329,5.67973,
15.488,6,6.13208,5.94351,5.83128,5.75438,5.65978,5.29858,5.67578,
15.536,6,6.14615,5.95156,5.82733,5.75091,5.65727,5.28312,5.67565,
15.584,6,6.16021,5.96047,5.82484,5.74844,5.65488,5.27846,5.65956,
15.632,6,6.17426,5.97026,5.82385,5.74708,5.65247,5.28511,5.67753,
15.68,6,6.18829,5.98093,5.8244,5.74694,5.64991,5.30253,5.65223,
15.728,6,6.20232,5.99251,5.82651,5.74814,5.64711,5.32917,5.6461,
15.776,6,6.21634,6.00498,5.83021,5.75078,5.64398,5.36262,5.64531,
15.824,6,6.23035,6.01836,5.8355,5.75495,5.64051,5.39984,5.63561,
15.872,6,6.24435,6.03265,5.84239,5.76075,5.63674,5.43743,5.68058,
15.92,6,6.25834,6.04785,5.85087,5.76824,5.63278,5.47196,5.62691,
15.968,6,6.27233,6.06394,5.86092,5.77749,5.62878,5.5003,5.59013,
16.016,6,6.2863,6.08092,5.87253,5.78854,5.625,5.51986,5.67063,
16.064,6,6.30026,6.09878,5.88567,5.80141,5.62174,5.52887,5.65972,
16.112,6,6.31421,6.11751,5.90031,5.81613,5.61937,5.52653,5.60911,
16.16,6,6.32816,6.13709,5.91639,5.83268,5.6183,5.51305,5.62064,
16.208,6,6.34209,6.15749,5.93389,5.85103,5.61899,5.48971,5.649,
16.256,6,6.35602,6.17871,5.95275,5.87115,5.62191,5.4587,5.65251,
16.304,6,6.36993,6.2007,5.97291,5.89296,5.62754,5.42296,5.63177,
16.352,6,6.38384,6.22346,5.99433,5.9164,5.63637,5.38597,5.6297,
16.4,6,6.39774,6.24695,6.01693,5.94135,5.64882,5.35144,5.62023,
16.448,6,6.41163,6.27115,6.04065,5.96772,5.66529,5.32305,5.62944,
16.496,6,6.4255,6.29601,6.06543,5.99537,5.6861,5.30418,5.64539,
16.544,6,6.43938,6.32152,6.0912,6.02415,5.71148,5.29761,5.61711,
16.592,6,6.45324,6.34763,6.11789,6.05394,5.7416,5.30538,5.62786,
16.64,6,6.46709,6.37431,6.14543,6.08455,5.77647,5.32864,5.62396,
16.688,6,6.48093,6.40153,6.17375,6.11583,5.81602,5.36755,5.61003,
16.736,6,6.49477,6.42924,6.20278,6.1476,5.86004,5.42135,5.65258,
16.784,6,6.50859,6.45741,6.23246,6.1797,5.90823,5.4884,5.60993,
16.832,6,6.52241,6.48601,6.26271,6.21195,5.96013,5.56633,5.61337,
16.88,6,6.53622,6.51498,6.29346,6.24418,6.01521,5.65223,5.66126,
16.928,6,6.55002,6.5443,6.32466,6.27622,6.07281,5.74286,5.54319,
16.976,6,6.56381,6.57391,6.35623,6.30792,6.13221,5.83489,5.78902,
17.024,7,6.57759,6.60379,6.38811,6.33913,6.19261,5.92512,6.47187,
17.072,7,6.59136,6.63389,6.42025,6.3697,6.25317,6.01066,6.70879,
17.12,7,6.60513,6.66416,6.45258,6.39951,6.31303,6.08911,6.5749,
17.168,7,6.61889,6.69458,6.48506,6.42844,6.37131,6.15868,6.62298,
17.216,7,6.63263,6.7251,6.51763,6.45641,6.42716,6.21823,6.64652,
17.264,7,6.64637,6.75568,6.55023,6.48333,6.47978,6.26731,6.60221,
17.312,7,6.6601,6.78627,6.58283,6.50914,6.52843,6.30607,6.6423,
17.36,7,6.67383,6.81686,6.61539,6.53379,6.57246,6.33523,6.62934,
17.408,7,6.68754,6.84738,6.64785,6.55725,6.61133,6.35592,6.61272,
17.456,7,6.70124,6.87782,6.68018,6.57953,6.6446,6.36957,6.65028,
17.504,7,6.71494,6.90813,6.71236,6.60062,6.67199,6.37773,6.63539,
17.552,7,6.72863,6.93827,6.74433,6.62057,6.69335,6.38194,6.6327,
17.6,7,6.74231,6.96822,6.77609,6.63941,6.70866,6.38361,6.65196,
17.648,7,6.75598,6.99794,6.8076,6.65721,6.71807,6.38389,6.63023,
17.696,7,6.76965,7.0274,6.83883,6.67406,6.72186,6.38363,6.64187,
17.744,7,6.7833,7.05657,6.86977,6.69003,6.72047,6.38333,6.66194,
17.792,7,6.79695,7.08542,6.9004,6.70525,6.71445,6.38314,6.64349,
17.84,7,6.81059,7.11393,6.9307,6.71982,6.70445,6.3829,6.65259,
17.888,7,6.82422,7.14205,6.96066,6.73388,6.69124,6.38224,6.65438,
17.936,7,6.83784,7.16978,6.99026,6.74755,6.67567,6.3806,6.63412,
17.984,7,6.85146,7.19709,7.01949,6.76099,6.65862,6.37741,6.65405,
18.032,7,6.86507,7.22395,7.04835,6.77433,6.64103,6.37215,6.66024,
18.08,7,6.87866,7.25035,7.07683,6.78772,6.62383,6.36446,6.64502,
18.128,7,6.89226,7.27627,7.10492,6.80131,6.60796,6.35421,6.66225,
18.176,7,6.90584,7.30168,7.13261,6.81525,6.59431,6.34158,6.65668,
18.224,7,6.91941,7.32658,7.15991,6.82966,6.58372,6.32712,6.64229,
18.272,7,6.93298,7.35095,7.1868,6.84469,6.57695,6.31167,6.66712,
18.32,7,6.94654,7.37477,7.21329,6.86046,6.57466,6.29641,6.66019,
18.368,7,6.96009,7.39804,7.23938,6.87709,6.57742,6.28279,6.64338,
18.416,7,6.97364,7.42074,7.26506,6.89469,6.58565,6.27239,6.66414,
18.464,7,6.98717,7.44288,7.29033,6.91334,6.59967,6.26689,6.64848,
18.512,7,7.0007,7.46443,7.31519,6.93313,6.61964,6.26794,6.63702,
18.56,7,7.01422,7.4854,7.33964,6.95412,6.64559,6.27703,6.67291,
18.608,7,7.02773,7.50579,7.36368,6.97636,6.67741,6.29536,6.65521,
18.656,7,7.04124,7.52558,7.38731,6.99989,6.71486,6.32382,6.6387,
18.704,7,7.05474,7.54479,7.41052,7.02472,6.75757,6.36284,6.67749,
18.752,7,7.06823,7.56341,7.43332,7.05086,6.80506,6.41238,6.64353,
18.8,7,7.08171,7.58143,7.45571,7.07828,6.85673,6.47191,6.62797,
18.848,7,7.09519,7.59888,7.47768,7.10696,6.91191,6.5404,6.70827,
18.896,7,7.10865,7.61574,7.49923,7.13683,6.96986,6.61639,6.64151,
18.944,7,7.12211,7.63204,7.52036,7.16784,7.02977,6.69803,6.6056,
18.992,7,7.13556,7.64776,7.54106,7.19991,7.0908,6.78317,7.05961,
19.04,8,7.14901,7.66293,7.56134,7.23293,7.15212,6.86952,7.63701,
19.088,8,7.16245,7.67754,7.58118,7.26681,7.21286,6.95468,7.74095,
19.136,8,7.17588,7.69162,7.60059,7.30141,7.27222,7.03634,7.63338,
19.184,8,7.1893,7.70516,7.61956,7.3366,7.3294,7.11236,7.67786,
19.232,8,7.20272,7.71819,7.63809,7.37224,7.38368,7.18087,7.70196,
19.28,8,7.21612,7.73071,7.65617,7.40818,7.43441,7.24038,7.65199,
19.328,8,7.22952,7.74274,7.6738,7.44427,7.48101,7.28983,7.67106,
19.376,8,7.24292,7.7543,7.69098,7.48033,7.52302,7.32863,7.69091,
19.424,8,7.2563,7.76539,7.70769,7.51621,7.56003,7.35669,7.66611,
19.472,8,7.26968,7.77604,7.72393,7.55174,7.5918,7.37438,7.67835,
19.52,8,7.28305,7.78625,7.73971,7.58674,7.61815,7.3825,7.68933,
19.568,8,7.29642,7.79605,7.75501,7.62105,7.63903,7.38224,7.66326,
19.616,8,7.30978,7.80545,7.76983,7.65452,7.6545,7.37508,7.66403,
19.664,8,7.32313,7.81447,7.78418,7.68697,7.66469,7.36268,7.67589,
19.712,8,7.33647,7.82313,7.79803,7.71826,7.66987,7.34683,7.66328,
19.76,8,7.34981,7.83144,7.8114,7.74825,7.67036,7.3293,7.66667,
19.808,8,7.36313,7.83943,7.82429,7.7768,7.66657,7.31177,7.67704,
19.856,8,7.37646,7.84711,7.83668,7.80378,7.65897,7.29574,7.66238,
19.904,8,7.38977,7.8545,7.84858,7.82909,7.64807,7.28246,7.65731,
19.952,8,7.40308,7.86161,7.85999,7.85262,7.63444,7.27288,7.66653,
20,8,7.41638,7.86848,7.87091,7.87428,7.61865,7.26762,7.65988,
20.048,8,7.42967,7.87511,7.88135,7.89401,7.60129,7.26691,7.6568,
20.096,8,7.44296,7.88152,7.8913,7.91175,7.58294,7.2707,7.66391,
20.144,8,7.45624,7.88773,7.90077,7.92744,7.56417,7.27858,7.65477,
20.192,8,7.46952,7.89377,7.90977,7.94108,7.5455,7.28991,7.64547,
20.24,8,7.48278,7.89964,7.9183,7.95264,7.52744,7.30381,7.65238,
20.288,8,7.49604,7.90537,7.92638,7.96213,7.51044,7.3193,7.65281,
20.336,8,7.50929,7.91097,7.934,7.96957,7.49487,7.33529,7.64947,
20.384,8,7.52254,7.91646,7.94119,7.97501,7.48106,7.35072,7.65541,
20.432,8,7.53578,7.92186,7.94794,7.97848,7.46927,7.36461,7.65125,
20.48,8,7.54901,7.92718,7.95428,7.98005,7.45968,7.37609,7.63769,
20.528,8,7.56224,7.93244,7.96022,7.97982,7.45241,7.38449,7.63628,
20.576,8,7.57546,7.93765,7.96577,7.97786,7.4475,7.38936,7.63691,
20.624,8,7.58867,7.94283,7.97095,7.97428,7.44493,7.39048,7.63171,
20.672,8,7.60188,7.948,7.97578,7.96921,7.4446,7.38789,7.63504,
20.72,8,7.61507,7.95317,7.98027,7.96277,7.44637,7.38185,7.6379,
20.768,8,7.62827,7.95834,7.98445,7.95509,7.45003,7.37283,7.62836,
20.816,8,7.64145,7.96355,7.98834,7.94632,7.45535,7.36149,7.62377,
20.864,8,7.65463,7.96878,7.99195,7.93662,7.46205,7.34859,7.62688,
20.912,8,7.6678,7.97407,7.99532,7.92613,7.46982,7.33499,7.62332,
20.96,8,7.68097,7.97942,7.99846,7.91503,7.47834,7.32156,7.62201,
21.008,8,7.69413,7.98483,8.0014,7.90348,7.48729,7.30912,7.62707,
21.056,8,7.70728,7.99033,8.00417,7.89163,7.49634,7.29842,7.62169,
21.104,8,7.72043,7.99591,8.00679,7.87967,7.50517,7.29008,7.61212,
21.152,8,7.73357,8.0016,8.00929,7.86776,7.5135,7.28452,7.61393,
21.2,8,7.7467,8.00739,8.0117,7.85605,7.52106,7.28201,7.61509,
21.248,8,7.75983,8.01329,8.01404,7.84472,7.52762,7.28257,7.61115,
21.296,8,7.77295,8.01932,8.01633,7.83391,7.533,7.28603,7.61535,
21.344,8,7.78607,8.02547,8.01862,7.82379,7.53704,7.29204,7.61687,
21.392,8,7.79918,8.03175,8.02093,7.81448,7.53967,7.30005,7.60352,
21.44,8,7.81228,8.03817,8.02328,7.80613,7.54085,7.30939,7.59415,
21.488,8,7.82537,8.04473,8.0257,7.79887,7.54058,7.31927,7.59428,
21.536,8,7.83846,8.05144,8.02823,7.79282,7.53894,7.32889,7.58764,
21.584,8,7.85154,8.05829,8.03088,7.78807,7.53605,7.3374,7.58317,
21.632,8,7.86462,8.0653,8.03369,7.78474,7.53207,7.34405,7.5913,
21.68,8,7.87769,8.07246,8.03669,7.78291,7.52722,7.34813,7.59056,
21.728,8,7.89076,8.07977,8.03989,7.78265,7.52176,7.34913,7.57783,
21.776,8,7.90381,8.08724,8.04332,7.78402,7.51598,7.34668,7.57735,
21.824,8,7.91687,8.09487,8.04702,7.78707,7.5102,7.34062,7.58181,
21.872,8,7.92991,8.10265,8.051,7.79185,7.50475,7.33102,7.57398,
21.92,8,7.94295,8.11058,8.05528,7.79838,7.49999,7.31815,7.57377,
21.968,8,7.95598,8.11867,8.05989,7.80666,7.49628,7.30254,7.58631,
22.016,8,7.96901,8.1269,8.06485,7.81671,7.49398,7.2849,7.58181,
22.064,8,7.98203,8.13529,8.07018,7.8285,7.49344,7.26611,7.56745,
22.112,8,7.99505,8.14383,8.07588,7.84202,7.49499,7.24721,7.57352,
22.16,8,8.00806,8.1525,8.08199,7.85722,7.49895,7.22934,7.5808,
22.208,8,8.02106,8.16132,8.08852,7.87407,7.50558,7.21368,7.57004,
22.256,8,8.03406,8.17028,8.09547,7.89251,7.51514,7.20145,7.57357,
22.304,8,8.04705,8.17937,8.10287,7.91247,7.52781,7.19379,7.59269,
22.352,8,8.06003,8.18858,8.11072,7.93387,7.54376,7.19176,7.58302,
22.4,8,8.07301,8.19792,8.11903,7.95663,7.56308,7.1963,7.56021,
22.448,8,8.08598,8.20738,8.12781,7.98066,7.58583,7.20816,7.56962,
22.496,8,8.09895,8.21696,8.13706,8.00586,7.61201,7.22788,7.57764,
22.544,8,8.11191,8.22664,8.14679,8.03212,7.64155,7.25578,7.55297,
22.592,8,8.12487,8.23642,8.15699,8.05934,7.67434,7.29193,7.55421,
22.64,8,8.13782,8.2463,8.16768,8.08739,7.71022,7.33617,7.5915,
22.688,8,8.15076,8.25626,8.17884,8.11616,7.74898,7.38806,7.57999,
22.736,8,8.1637,8.26631,8.19048,8.14554,7.79035,7.44696,7.53731,
22.784,8,8.17663,8.27644,8.20259,8.17539,7.83404,7.51203,7.5692,
22.832,8,8.18955,8.28664,8.21516,8.20559,7.87969,7.58221,7.61021,
22.88,8,8.20247,8.29691,8.22818,8.23602,7.92694,7.65634,7.52878,
22.928,8,8.21539,8.30723,8.24165,8.26655,7.97538,7.73312,7.49509,
22.976,8,8.2283,8.3176,8.25555,8.29707,8.0246,7.81122,7.80567,
23.024,9,8.2412,8.32802,8.26987,8.32744,8.07417,7.88928,8.33664,
23.072,9,8.2541,8.33847,8.28459,8.35757,8.12364,7.96593,8.64192,
23.12,9,8.26699,8.34896,8.29971,8.38733,8.17257,8.03991,8.60168,
23.168,9,8.27987,8.35947,8.31519,8.41662,8.22055,8.11003,8.51469,
23.216,9,8.29275,8.37,8.33103,8.44533,8.26714,8.17523,8.5585,
23.264,9,8.30563,8.38053,8.34719,8.47336,8.31195,8.23461,8.606,
23.312,9,8.3185,8.39108,8.36367,8.50063,8.35462,8.28744,8.57535,
23.36,9,8.33136,8.40162,8.38043,8.52705,8.3948,8.3332,8.55874,
23.408,9,8.34422,8.41215,8.39746,8.55253,8.43219,8.37153,8.58843,
23.456,9,8.35707,8.42267,8.41472,8.57702,8.46652,8.40228,8.58842,
23.504,9,8.36991,8.43317,8.4322,8.60043,8.49758,8.42549,8.55545,
23.552,9,8.38275,8.44364,8.44986,8.62273,8.5252,8.44137,8.55686,
23.6,9,8.39559,8.45408,8.46769,8.64385,8.54924,8.4503,8.58542,
23.648,9,8.40842,8.46448,8.48564,8.66377,8.56964,8.45279,8.58856,
23.696,9,8.42124,8.47485,8.5037,8.68244,8.58636,8.44946,8.57939,
23.744,9,8.43406,8.48516,8.52184,8.69984,8.59942,8.44104,8.5917,
23.792,9,8.44687,8.49542,8.54002,8.71596,8.6089,8.4283,8.60192,
23.84,9,8.45968,8.50563,8.55821,8.73079,8.61491,8.41208,8.5868,
23.888,9,8.47248,8.51577,8.5764,8.74432,8.61761,8.39321,8.57651,
23.936,9,8.48528,8.52585,8.59454,8.75657,8.6172,8.37252,8.59113,
23.984,9,8.49807,8.53586,8.6126,8.76753,8.6139,8.35083,8.60418,
24.032,9,8.51086,8.5458,8.63057,8.77725,8.60798,8.32889,8.60169,
24.08,9,8.52364,8.55566,8.64841,8.78573,8.59973,8.3074,8.60219,
24.128,9,8.53641,8.56545,8.66609,8.79302,8.58946,8.28699,8.60707,
24.176,9,8.54918,8.57515,8.68358,8.79914,8.57751,8.2682,8.599,
24.224,9,8.56194,8.58477,8.70085,8.80416,8.5642,8.2515,8.5857,
24.272,9,8.5747,8.5943,8.71789,8.8081,8.5499,8.23726,8.58877,
24.32,9,8.58745,8.60375,8.73465,8.81103,8.53493,8.22576,8.60432,
24.368,9,8.6002,8.6131,8.75112,8.813,8.51965,8.21721,8.61666,
24.416,9,8.61294,8.62237,8.76728,8.81408,8.50438,8.21172,8.62487,
24.464,9,8.62568,8.63154,8.78309,8.81432,8.48944,8.20934,8.62714,
24.512,9,8.63841,8.64063,8.79853,8.81379,8.47513,8.21004,8.61383,
24.56,9,8.65114,8.64962,8.81359,8.81255,8.46173,8.21373,8.59273,
24.608,9,8.66386,8.65851,8.82824,8.81068,8.44947,8.22027,8.58339,
24.656,9,8.67658,8.66732,8.84246,8.80825,8.43859,8.22945,8.58617,
24.704,9,8.68929,8.67603,8.85624,8.80531,8.42926,8.24105,8.59699,
24.752,9,8.70199,8.68465,8.86956,8.80195,8.42164,8.25478,8.62938,
24.8,9,8.71469,8.69318,8.88239,8.79824,8.41585,8.27036,8.66898,
24.848,9,8.72739,8.70163,8.89474,8.79423,8.41196,8.28745,8.65153,
24.896,9,8.74008,8.70998,8.90658,8.79,8.41003,8.30571,8.5633,
24.944,9,8.75277,8.71826,8.91791,8.78561,8.41007,8.32478,8.51011,
24.992,9,8.76544,8.72645,8.92871,8.78112,8.41204,8.34429,8.5822,
25.04,9,8.77812,8.73455,8.93899,8.77661,8.41589,8.36387,8.69705,
25.088,9,8.79079,8.74258,8.94872,8.77211,8.42153,8.38313,8.70073,
25.136,9,8.80345,8.75054,8.9579,8.76769,8.42884,8.4017,8.59456,
25.184,9,8.81611,8.75842,8.96654,8.7634,8.43767,8.41922,8.52478,
25.232,9,8.82877,8.76624,8.97464,8.75928,8.44784,8.43532,8.55864,
25.28,9,8.84142,8.77399,8.98218,8.75539,8.45917,8.44967,8.61274,
25.328,9,8.85406,8.78168,8.98917,8.75176,8.47146,8.46197,8.61587,
25.376,9,8.8667,8.78931,8.99562,8.74842,8.48447,8.47191,8.60477,
25.424,9,8.87933,8.79689,9.00153,8.74542,8.49797,8.47926,8.62019,
25.472,9,8.89196,8.80442,9.00691,8.74277,8.51174,8.48382,8.62837,
25.52,9,8.90459,8.81191,9.01176,8.7405,8.52552,8.48543,8.60097,
25.568,9,8.9172,8.81936,9.0161,8.73863,8.5391,8.48398,8.57789,
25.616,9,8.92982,8.82677,9.01993,8.73718,8.55222,8.47945,8.59355,
25.664,9,8.94243,8.83416,9.02326,8.73616,8.56469,8.47186,8.61569,
25.712,9,8.95503,8.84152,9.02612,8.73558,8.57627,8.4613,8.60945,
25.76,9,8.96763,8.84886,9.02851,8.73544,8.5868,8.44793,8.59719,
25.808,9,8.98022,8.85619,9.03045,8.73574,8.59607,8.43199,8.60645,
25.856,9,8.99281,8.86351,9.03196,8.73648,8.60396,8.41378,8.61628,
25.904,9,9.0054,8.87083,9.03306,8.73765,8.61032,8.39366,8.6036,
25.952,9,9.01798,8.87815,9.03377,8.73924,8.61504,8.37205,8.59256,
26,9,9.03055,8.88548,9.03411,8.74124,8.61805,8.34943,8.60992,
26.048,9,9.04312,8.89282,9.03409,8.74363,8.61929,8.3263,8.6343,
26.096,9,9.05569,8.90019,9.03375,8.7464,8.61873,8.30321,8.6355,
26.144,9,9.06825,8.90758,9.03311,8.74953,8.61638,8.28073,8.62627,
26.192,9,9.0808,8.915,9.0322,8.753,8.61225,8.25942,8.63077,
26.24,9,9.09335,8.92246,9.03103,8.75677,8.6064,8.23982,8.63611,
26.288,9,9.1059,8.92997,9.02964,8.76083,8.59891,8.22248,8.62065,
26.336,9,9.11844,8.93752,9.02805,8.76515,8.58988,8.20789,8.60133,
26.384,9,9.13097,8.94514,9.02629,8.76971,8.57943,8.19646,8.60653,
26.432,9,9.1435,8.95281,9.02439,8.77447,8.5677,8.18859,8.62609,
26.48,9,9.15603,8.96055,9.02237,8.77941,8.55486,8.18455,8.63342,
26.528,9,9.16855,8.96836,9.02028,8.78451,8.54107,8.18455,8.63562,
26.576,9,9.18107,8.97626,9.01812,8.78973,8.52654,8.18868,8.65484,
26.624,9,9.19358,8.98423,9.01595,8.79504,8.51146,8.19697,8.67879,
26.672,9,9.20609,8.9923,9.01377,8.80043,8.49604,8.20929,8.67956,
26.72,9,9.21859,9.00046,9.01164,8.80587,8.4805,8.22545,8.66681,
26.768,9,9.23109,9.00873,9.00956,8.81134,8.46503,8.24513,8.66775,
26.816,9,9.24358,9.0171,9.00758,8.8168,8.44988,8.26794,8.66537,
26.864,9,9.25607,9.02558,9.00573,8.82225,8.43523,8.29339,8.62154,
26.912,9,9.26855,9.03418,9.00402,8.82767,8.42131,8.32092,8.56395,
26.96,9,9.28103,9.0429,9.0025,8.83303,8.4083,8.34991,8.57701,
27.008,9,9.29351,9.05175,9.00119,8.83832,8.39639,8.37969,8.67845,
27.056,9,9.30598,9.06073,9.00011,8.84354,8.38576,8.40957,8.77037,
27.104,9,9.31844,9.06984,8.99931,8.84867,8.37657,8.43885,8.76026,
27.152,9,9.3309,9.0791,8.99879,8.8537,8.36896,8.46684,8.68135,
27.2,9,9.34336,9.08849,8.99859,8.85864,8.36305,8.49289,8.63488,
27.248,9,9.35581,9.09804,8.99874,8.86348,8.35897,8.51638,8.64903,
27.296,9,9.36826,9.10774,8.99926,8.86821,8.35678,8.53677,8.66536,
27.344,9,9.3807,9.11759,9.00017,8.87285,8.35657,8.55359,8.65011,
27.392,9,9.39314,9.12761,9.00151,8.8774,8.35838,8.5665,8.64089,
27.44,9,9.40557,9.13778,9.00328,8.88187,8.36223,8.57522,8.66858,
27.488,9,9.418,9.14813,9.00551,8.88626,8.36813,8.57961,8.70085,
27.536,9,9.43042,9.15864,9.00823,8.8906,8.37608,8.57967,8.69932,
27.584,9,9.44284,9.16932,9.01145,8.89491,8.38603,8.57549,8.68392,
27.632,9,9.45526,9.18018,9.01518,8.89919,8.39794,8.56731,8.69409,
27.68,9,9.46767,9.19121,9.01946,8.90347,8.41174,8.55547,8.71895,
27.728,9,9.48008,9.20242,9.02429,8.90778,8.42734,8.54043,8.7174,
27.776,9,9.49248,9.21381,9.02969,8.91214,8.44465,8.52277,8.69044,
27.824,9,9.50488,9.22538,9.03567,8.91657,8.46355,8.50312,8.68025,
27.872,9,9.51727,9.23714,9.04225,8.92112,8.48393,8.48221,8.6988,
27.92,9,9.52966,9.24908,9.04944,8.92579,8.50564,8.46081,8.70919,
27.968,9,9.54204,9.26121,9.05724,8.93064,8.52856,8.43975,8.6909,
28.016,9,9.55442,9.27352,9.06566,8.93569,8.55254,8.41983,8.67673,
28.064,9,9.5668,9.28602,9.07473,8.94097,8.57742,8.4019,8.69747,
28.112,9,9.57917,9.29871,9.08443,8.94652,8.60306,8.38673,8.72759,
28.16,9,9.59153,9.31159,9.09477,8.95239,8.6293,8.37507,8.7251,
28.208,9,9.6039,9.32465,9.10577,8.95859,8.656,8.36761,8.70078,
28.256,9,9.61625,9.3379,9.11741,8.96517,8.68301,8.36494,8.70046,
28.304,9,9.62861,9.35134,9.12971,8.97216,8.7102,8.36757,8.72768,
28.352,9,9.64096,9.36496,9.14265,8.97961,8.73742,8.37587,8.7354,
28.4,9,9.6533,9.37877,9.15625,8.98754,8.76456,8.39011,8.70438,
28.448,9,9.66564,9.39276,9.17049,8.99599,8.79149,8.41043,8.68031,
28.496,9,9.67798,9.40694,9.18538,9.005,8.81812,8.43684,8.70343,
28.544,9,9.69031,9.42129,9.20091,9.01459,8.84434,8.4692,8.73979,
28.592,9,9.70263,9.43583,9.21706,9.0248,8.87009,8.50726,8.73053,
28.64,9,9.71496,9.45054,9.23384,9.03566,8.89527,8.55064,8.68933,
28.688,9,9.72728,9.46543,9.25123,9.04719,8.91986,8.59883,8.69074,
28.736,9,9.73959,9.48049,9.26923,9.05944,8.94379,8.65123,8.75224,
28.784,9,9.7519,9.49572,9.28782,9.0724,8.96704,8.70715,8.78827,
28.832,9,9.76421,9.51111,9.30699,9.08613,8.9896,8.76583,8.72837,
28.88,9,9.77651,9.52667,9.32673,9.10062,9.01146,8.82645,8.6504,
28.928,9,9.78881,9.5424,9.34702,9.1159,9.03264,8.88814,8.73104,
28.976,9,9.8011,9.55827,9.36784,9.13199,9.05315,8.95003,9.04704,
29.024,10,9.81339,9.57431,9.38919,9.1489,9.07303,9.01126,9.46548,
29.072,10,9.82567,9.59049,9.41104,9.16664,9.09233,9.07097,9.76231,
29.12,10,9.83795,9.60682,9.43338,9.18522,9.11109,9.12836,9.83395,
29.168,10,9.85023,9.62329,9.45619,9.20464,9.12939,9.18269,9.76663,
29.216,10,9.8625,9.63991,9.47944,9.2249,9.14728,9.23327,9.71129,
29.264,10,9.87477,9.65665,9.50311,9.24601,9.16486,9.27954,9.72963,
29.312,10,9.88704,9.67353,9.5272,9.26795,9.18219,9.32101,9.77415,
29.36,10,9.8993,9.69053,9.55166,9.29073,9.19937,9.35732,9.78409,
29.408,10,9.91155,9.70765,9.57649,9.31433,9.21647,9.38823,9.76054,
29.456,10,9.9238,9.72488,9.60165,9.33875,9.2336,9.41361,9.74589,
29.504,10,9.93605,9.74223,9.62713,9.36396,9.25084,9.43345,9.76036,
29.552,10,9.94829,9.75968,9.6529,9.38994,9.26828,9.44789,9.78186,
29.6,10,9.96053,9.77723,9.67893,9.41668,9.286,9.45716,9.78233,
29.648,10,9.97277,9.79487,9.70521,9.44415,9.30408,9.46161,9.76425,
29.696,10,9.985,9.81261,9.7317,9.47232,9.3226,9.4617,9.7531,
29.744,10,9.99723,9.83043,9.75838,9.50117,9.34164,9.45796,9.76259,
29.792,10,10.0094,9.84833,9.78523,9.53067,9.36126,9.45102,9.77894,
29.84,10,10.0217,9.8663,9.81222,9.56077,9.38151,9.44156,9.78119,
29.888,10,10.0339,9.88433,9.83932,9.59144,9.40246,9.4303,9.76917,
29.936,10,10.0461,9.90243,9.86651,9.62265,9.42413,9.418,9.76297,
29.984,10,10.0583,9.92059,9.89376,9.65435,9.44656,9.40543,9.7754,
30.032,10,10.0705,9.93879,9.92105,9.6865,9.46978,9.39336,9.79385,
30.08,10,10.0827,9.95704,9.94835,9.71906,9.4938,9.38253,9.79647,
30.128,10,10.0949,9.97532,9.97563,9.75198,9.51862,9.37365,9.78228,
30.176,10,10.1071,9.99364,10.0029,9.78521,9.54425,9.36738,9.77401,
30.224,10,10.1193,10.012,10.0301,9.8187,9.57066,9.36432,9.78706,
30.272,10,10.1315,10.0303,10.0571,9.85241,9.59782,9.36499,9.80597,
30.32,10,10.1436,10.0487,10.0841,9.88629,9.62572,9.36984,9.80343,
30.368,10,10.1558,10.0671,10.111,9.92027,9.65431,9.37921,9.77929,
30.416,10,10.168,10.0855,10.1376,9.95432,9.68353,9.39336,9.76456,
30.464,10,10.1801,10.1039,10.1641,9.98838,9.71333,9.41244,9.77943,
30.512,10,10.1923,10.1222,10.1904,10.0224,9.74365,9.43652,9.80106,
30.56,10,10.2045,10.1406,10.2164,10.0563,9.77441,9.46553,9.7914,
30.608,10,10.2166,10.1589,10.2422,10.0901,9.80555,9.49936,9.75372,
30.656,10,10.2288,10.1772,10.2677,10.1236,9.83697,9.53777,9.73759,
30.704,10,10.2409,10.1955,10.293,10.157,9.86861,9.58045,9.77314,
30.752,10,10.2531,10.2137,10.3179,10.19,9.90036,9.62703,9.81713,
30.8,10,10.2652,10.2318,10.3424,10.2226,9.93215,9.67704,9.79631,
30.848,10,10.2773,10.25,10.3666,10.2549,9.96389,9.72999,9.7139,
30.896,10,10.2895,10.268,10.3905,10.2867,9.99548,9.78534,9.6878,
30.944,10,10.3016,10.286,10.4139,10.318,10.0268,9.84251,9.85055,
30.992,10,10.3137,10.304,10.437,10.3488,10.0579,9.9009,10.2036,
31.04,11,10.3258,10.3218,10.4596,10.379,10.0885,9.95992,10.5891,
31.088,11,10.338,10.3396,10.4818,10.4085,10.1186,10.019,10.8218,
31.136,11,10.3501,10.3573,10.5035,10.4374,10.1482,10.0775,10.8486,
31.184,11,10.3622,10.3749,10.5248,10.4656,10.1771,10.1349,10.7721,
31.232,11,10.3743,10.3924,10.5456,10.493,10.2053,10.1907,10.7276,
31.28,11,10.3864,10.4098,10.5659,10.5197,10.2328,10.2444,10.7559,
31.328,11,10.3985,10.4271,10.5857,10.5455,10.2594,10.2956,10.8006,
31.376,11,10.4106,10.4443,10.6051,10.5705,10.2851,10.3439,10.8028,
31.424,11,10.4227,10.4613,10.6238,10.5947,10.3099,10.389,10.7706,
31.472,11,10.4348,10.4783,10.6421,10.618,10.3338,10.4308,10.7518,
31.52,11,10.4468,10.4951,10.6598,10.6403,10.3566,10.4689,10.7647,
31.568,11,10.4589,10.5118,10.677,10.6617,10.3784,10.5034,10.7812,
31.616,11,10.471,10.5283,10.6937,10.6822,10.3992,10.5341,10.7715,
31.664,11,10.4831,10.5447,10.7098,10.7017,10.4189,10.561,10.7443,
31.712,11,10.4951,10.561,10.7253,10.7202,10.4376,10.5843,10.7291,
31.76,11,10.5072,10.5772,10.7403,10.7378,10.4552,10.604,10.7314,
31.808,11,10.5193,10.5931,10.7547,10.7543,10.4718,10.6204,10.7264,
31.856,11,10.5313,10.609,10.7686,10.7699,10.4873,10.6335,10.698,
31.904,11,10.5434,10.6246,10.7819,10.7845,10.5019,10.6437,10.67,
31.952,11,10.5554,10.6401,10.7947,10.798,10.5155,10.6512,10.6834,
32,11,10.5675,10.6555,10.8069,10.8106,10.5281,10.6563,10.7459,
32.048,11,10.5795,10.6707,10.8185,10.8222,10.5398,10.6593,10.8165,
32.096,11,10.5915,10.6857,10.8296,10.8329,10.5506,10.6605,10.8455,
32.144,11,10.6036,10.7005,10.8402,10.8425,10.5606,10.6601,10.8242,
32.192,11,10.6156,10.7152,10.8502,10.8512,10.5698,10.6586,10.7872,
32.24,11,10.6276,10.7297,10.8597,10.859,10.5783,10.6561,10.7704,
32.288,11,10.6396,10.744,10.8686,10.8659,10.5861,10.6528,10.7752,
32.336,11,10.6517,10.7581,10.877,10.8718,10.5932,10.6492,10.7774,
32.384,11,10.6637,10.772,10.8849,10.8769,10.5997,10.6452,10.7619,
32.432,11,10.6757,10.7858,10.8923,10.8812,10.6057,10.6412,10.7398,
32.48,11,10.6877,10.7994,10.8993,10.8846,10.6111,10.6373,10.7305,
32.528,11,10.6997,10.8127,10.9057,10.8872,10.6162,10.6337,10.7365,
32.576,11,10.7117,10.8259,10.9116,10.8891,10.6208,10.6303,10.7426,
32.624,11,10.7237,10.8389,10.9171,10.8902,10.625,10.6273,10.7375,
32.672,11,10.7357,10.8517,10.9221,10.8906,10.6289,10.6247,10.7272,
32.72,11,10.7477,10.8644,10.9267,10.8904,10.6325,10.6225,10.7257,
32.768,11,10.7597,10.8768,10.9309,10.8895,10.6358,10.6207,10.7358,
32.816,11,10.7717,10.889,10.9346,10.888,10.6389,10.6194,10.7465,
32.864,11,10.7836,10.9011,10.9379,10.8859,10.6418,10.6183,10.7475,
32.912,11,10.7956,10.9129,10.9409,10.8834,10.6445,10.6176,10.7422,
32.96,11,10.8076,10.9246,10.9434,10.8803,10.647,10.617,10.7416,
33.008,11,10.8196,10.936,10.9457,10.8768,10.6494,10.6166,10.7501,
33.056,11,10.8315,10.9473,10.9475,10.8729,10.6517,10.6162,10.76,
33.104,11,10.8435,10.9584,10.9491,10.8686,10.6538,10.6158,10.7619,
33.152,11,10.8554,10.9692,10.9503,10.864,10.6558,10.6153,10.7562,
33.2,11,10.8674,10.9799,10.9512,10.8591,10.6577,10.6146,10.7519,
33.248,11,10.8793,10.9904,10.9519,10.854,10.6594,10.6137,10.7544,
33.296,11,10.8913,11.0007,10.9522,10.8486,10.661,10.6126,10.759,
33.344,11,10.9032,11.0109,10.9524,10.8431,10.6625,10.6111,10.7576,
33.392,11,10.9152,11.0208,10.9523,10.8374,10.6638,10.6093,10.749,
33.44,11,10.9271,11.0305,10.952,10.8317,10.6649,10.6072,10.7408,
33.488,11,10.939,11.0401,10.9515,10.8258,10.6658,10.6047,10.7393,
33.536,11,10.951,11.0495,10.9508,10.82,10.6666,10.6019,10.7425,
33.584,11,10.9629,11.0587,10.9499,10.8142,10.6671,10.5988,10.7429,
33.632,11,10.9748,11.0677,10.9489,10.8085,10.6674,10.5955,10.7374,
33.68,11,10.9867,11.0766,10.9478,10.8028,10.6674,10.592,10.7306,
33.728,11,10.9987,11.0853,10.9466,10.7973,10.6672,10.5884,10.7287,
33.776,11,11.0106,11.0938,10.9452,10.7919,10.6666,10.5847,10.7314,
33.824,11,11.0225,11.1021,10.9438,10.7867,10.6658,10.581,10.7325,
33.872,11,11.0344,11.1103,10.9424,10.7817,10.6646,10.5773,10.728,
33.92,11,11.0463,11.1183,10.9409,10.777,10.6631,10.5738,10.7206,
33.968,11,11.0582,11.1261,10.9393,10.7725,10.6613,10.5705,10.7168,
34.016,11,11.0701,11.1338,10.9378,10.7684,10.6591,10.5674,10.7186,
34.064,11,11.082,11.1414,10.9362,10.7646,10.6565,10.5647,10.7216,
34.112,11,11.0939,11.1488,10.9347,10.7611,10.6537,10.5623,10.7206,
34.16,11,11.1058,11.156,10.9332,10.758,10.6504,10.5602,10.7162,
34.208,11,11.1176,11.1631,10.9318,10.7553,10.6468,10.5586,10.7135,
34.256,11,11.1295,11.1701,10.9304,10.753,10.6429,10.5574,10.7158,
34.304,11,11.1414,11.1769,10.9291,10.7511,10.6387,10.5566,10.7201,
34.352,11,11.1533,11.1836,10.9279,10.7497,10.6341,10.5561,10.7209,
34.4,11,11.1651,11.1902,10.9269,10.7487,10.6293,10.5561,10.7169,
34.448,11,11.177,11.1966,10.9259,10.7483,10.6242,10.5563,10.7124,
34.496,11,11.1889,11.203,10.9251,10.7482,10.6189,10.5568,10.7121,
34.544,11,11.2007,11.2092,10.9244,10.7487,10.6134,10.5574,10.715,
34.592,11,11.2126,11.2153,10.9239,10.7497,10.6078,10.5583,10.7161,
34.64,11,11.2244,11.2212,10.9236,10.7512,10.6021,10.5591,10.7121,
34.688,11,11.2363,11.2271,10.9235,10.7532,10.5963,10.5599,10.7056,
34.736,11,11.2481,11.2329,10.9236,10.7557,10.5905,10.5607,10.7018,
34.784,11,11.26,11.2386,10.9239,10.7587,10.5847,10.5612,10.7019,
34.832,11,11.2718,11.2442,10.9244,10.7622,10.5791,10.5615,10.7017,
34.88,11,11.2836,11.2497,10.9251,10.7662,10.5736,10.5614,10.6967,
34.928,11,11.2955,11.2551,10.9261,10.7708,10.5683,10.5609,10.688,
34.976,11,11.3073,11.2605,10.9273,10.7758,10.5633,10.56,10.6811,
35.024,11,11.3191,11.2658,10.9288,10.7814,10.5587,10.5586,10.6798,
35.072,11,11.331,11.271,10.9306,10.7875,10.5544,10.5566,10.6817,
35.12,11,11.3428,11.2761,10.9326,10.794,10.5507,10.5541,10.681,
35.168,11,11.3546,11.2812,10.9349,10.801,10.5475,10.5511,10.6756,
35.216,11,11.3664,11.2863,10.9376,10.8085,10.5448,10.5476,10.6698,
35.264,11,11.3782,11.2913,10.9405,10.8164,10.5429,10.5436,10.6689,
35.312,11,11.39,11.2962,10.9437,10.8248,10.5416,10.5392,10.6726,
35.36,11,11.4018,11.3011,10.9472,10.8336,10.5412,10.5344,10.675,
35.408,11,11.4136,11.306,10.9511,10.8428,10.5415,10.5294,10.6711,
35.456,11,11.4254,11.3108,10.9552,10.8524,10.5428,10.5243,10.6629,
35.504,11,11.4372,11.3157,10.9597,10.8624,10.545,10.5192,10.6577,
35.552,11,11.449,11.3205,10.9645,10.8728,10.5483,10.5141,10.6595,
35.6,11,11.4608,11.3252,10.9696,10.8835,10.5525,10.5094,10.6643,
35.648,11,11.4726,11.33,10.9751,10.8946,10.5578,10.5051,10.6644,
35.696,11,11.4843,11.3348,10.9809,10.906,10.5643,10.5014,10.6575,
35.744,11,11.4961,11.3396,10.9871,10.9177,10.5718,10.4985,10.6496,
35.792,11,11.5079,11.3443,10.9935,10.9297,10.5806,10.4965,10.649,
35.84,11,11.5197,11.3491,11.0003,10.9419,10.5905,10.4957,10.6559,
35.888,11,11.5314,11.3539,11.0075,10.9544,10.6015,10.4961,10.6616,
35.936,11,11.5432,11.3587,11.015,10.9671,10.6138,10.498,10.6575,
35.984,11,11.555,11.3636,11.0228,10.98,10.6273,10.5015,10.6458,
36.032,11,11.5667,11.3684,11.031,10.9931,10.642,10.5068,10.6375,
36.08,11,11.5785,11.3733,11.0395,11.0064,10.6578,10.514,10.6409,
36.128,11,11.5902,11.3783,11.0483,11.0199,10.6748,10.5232,10.6514,
36.176,11,11.602,11.3832,11.0574,11.0334,10.693,10.5346,10.6554,
36.224,11,11.6137,11.3882,11.0669,11.0471,10.7122,10.5481,10.645,
36.272,11,11.6255,11.3933,11.0767,11.0609,10.7325,10.5638,10.6285,
36.32,11,11.6372,11.3984,11.0869,11.0748,10.7539,10.5819,10.6225,
36.368,11,11.6489,11.4036,11.0973,11.0887,10.7762,10.6022,10.6339,
36.416,11,11.6607,11.4089,11.1081,11.1027,10.7994,10.6248,10.6501,
36.464,11,11.6724,11.4142,11.1191,11.1167,10.8235,10.6497,10.6497,
36.512,11,11.6841,11.4196,11.1305,11.1307,10.8484,10.6767,10.6269,
36.56,11,11.6959,11.425,11.1422,11.1448,10.874,10.7059,10.6012,
36.608,11,11.7076,11.4306,11.1542,11.1588,10.9003,10.737,10.6007,
36.656,11,11.7193,11.4362,11.1664,11.1727,10.9272,10.7701,10.6315,
36.704,11,11.731,11.4419,11.179,11.1867,10.9546,10.8048,10.6635,
36.752,11,11.7427,11.4477,11.1918,11.2006,10.9824,10.8411,10.655,
36.8,11,11.7544,11.4536,11.2049,11.2144,11.0106,10.8788,10.5979,
36.848,11,11.7661,11.4596,11.2182,11.2281,11.039,10.9177,10.5431,
36.896,11,11.7778,11.4657,11.2319,11.2418,11.0676,10.9575,10.577,
36.944,11,11.7895,11.4719,11.2457,11.2553,11.0963,10.9981,10.7583,
36.992,11,11.8012,11.4782,11.2598,11.2687,11.125,11.0392,11.0647,
37.04,12,11.8129,11.4846,11.2742,11.2821,11.1535,11.0806,11.3959,
37.088,12,11.8246,11.4912,11.2888,11.2953,11.1819,11.122,11.634,
37.136,12,11.8363,11.4978,11.3036,11.3083,11.21,11.1633,11.7186,
37.184,12,11.848,11.5046,11.3186,11.3213,11.2378,11.2041,11.6793,
37.232,12,11.8597,11.5115,11.3338,11.3341,11.2651,11.2443,11.6036,
37.28,12,11.8714,11.5185,11.3492,11.3467,11.2919,11.2837,11.5688,
37.328,12,11.883,11.5257,11.3649,11.3592,11.3181,11.322,11.5932,
37.376,12,11.8947,11.533,11.3807,11.3716,11.3436,11.359,11.6397,
37.424,12,11.9064,11.5404,11.3966,11.3838,11.3684,11.3946,11.661,
37.472,12,11.918,11.548,11.4128,11.3959,11.3924,11.4286,11.642,
37.52,12,11.9297,11.5557,11.4291,11.4078,11.4154,11.4607,11.6074,
37.568,12,11.9414,11.5635,11.4455,11.4195,11.4375,11.491,11.5922,
37.616,12,11.953,11.5715,11.4621,11.4311,11.4587,11.5192,11.6079,
37.664,12,11.9647,11.5796,11.4789,11.4426,11.4787,11.5453,11.6356,
37.712,12,11.9763,11.5879,11.4957,11.4539,11.4977,11.5692,11.6472,
37.76,12,11.988,11.5964,11.5127,11.465,11.5156,11.5909,11.6329,
37.808,12,11.9996,11.605,11.5298,11.4761,11.5323,11.6102,11.6087,
37.856,12,12.0113,11.6137,11.547,11.487,11.5478,11.6271,11.5987,
37.904,12,12.0229,11.6226,11.5643,11.4978,11.5621,11.6418,11.6117,
37.952,12,12.0345,11.6317,11.5816,11.5084,11.5752,11.6541,11.6338,
38,12,12.0462,11.6409,11.5991,11.5189,11.587,11.6641,11.6437,
38.048,12,12.0578,11.6503,11.6166,11.5294,11.5976,11.6719,11.6331,
38.096,12,12.0694,11.6598,11.6342,11.5397,11.607,11.6775,11.6135,
38.144,12,12.0811,11.6695,11.6519,11.55,11.6152,11.681,11.6045,
38.192,12,12.0927,11.6794,11.6696,11.5601,11.6222,11.6825,11.6141,
38.24,12,12.1043,11.6894,11.6873,11.5702,11.628,11.6821,11.632,
38.288,12,12.1159,11.6996,11.7051,11.5802,11.6326,11.6799,11.6405,
38.336,12,12.1275,11.71,11.7229,11.5902,11.6362,11.6761,11.6317,
38.384,12,12.1391,11.7205,11.7407,11.6001,11.6386,11.6707,11.6149,
38.432,12,12.1507,11.7312,11.7585,11.61,11.6401,11.664,11.6068,
38.48,12,12.1624,11.7421,11.7764,11.6199,11.6405,11.656,11.6159,
38.528,12,12.174,11.7531,11.7942,11.6298,11.64,11.647,11.6341,
38.576,12,12.1856,11.7644,11.8121,11.6396,11.6387,11.637,11.6451,
38.624,12,12.1971,11.7757,11.8299,11.6495,11.6365,11.6263,11.6398,
38.672,12,12.2087,11.7873,11.8477,11.6594,11.6336,11.6149,11.6245,
38.72,12,12.2203,11.799,11.8655,11.6693,11.63,11.6031,11.6145,
38.768,12,12.2319,11.8109,11.8833,11.6793,11.6258,11.591,11.6193,
38.816,12,12.2435,11.8229,11.901,11.6893,11.6211,11.5787,11.6338,
38.864,12,12.2551,11.8351,11.9187,11.6994,11.6159,11.5665,11.6435,
38.912,12,12.2667,11.8475,11.9363,11.7096,11.6104,11.5543,11.6382,
38.96,12,12.2782,11.8601,11.9539,11.7198,11.6046,11.5425,11.622,
39.008,12,12.2898,11.8728,11.9715,11.7302,11.5985,11.531,11.6093,
39.056,12,12.3014,11.8857,11.989,11.7406,11.5924,11.5201,11.6114,
39.104,12,12.313,11.8987,12.0064,11.7512,11.5861,11.5099,11.6259,
39.152,12,12.3245,11.9119,12.0238,11.7619,11.58,11.5005,11.6392,
39.2,12,12.3361,11.9253,12.0411,11.7728,11.5739,11.4919,11.6389,
39.248,12,12.3476,11.9388,12.0584,11.7838,11.568,11.4844,11.6254,
39.296,12,12.3592,11.9525,12.0755,11.795,11.5624,11.4779,11.6117,
39.344,12,12.3707,11.9664,12.0926,11.8063,11.5572,11.4727,11.6109,
39.392,12,12.3823,11.9804,12.1096,11.8178,11.5523,11.4687,11.6243,
39.44,12,12.3938,11.9946,12.1266,11.8295,11.548,11.4661,11.6399,
39.488,12,12.4054,12.0089,12.1434,11.8414,11.5443,11.4648,11.6437,
39.536,12,12.4169,12.0234,12.1602,11.8535,11.5412,11.465,11.6324,
39.584,12,12.4285,12.038,12.1769,11.8659,11.5388,11.4668,11.6171,
39.632,12,12.44,12.0528,12.1934,11.8784,11.5372,11.4701,11.613,
39.68,12,12.4515,12.0677,12.2099,11.8911,11.5364,11.475,11.6258,
39.728,12,12.4631,12.0828,12.2264,11.9041,11.5365,11.4815,11.6459,
39.776,12,12.4746,12.098,12.2427,11.9174,11.5375,11.4896,11.6566,
39.824,12,12.4861,12.1134,12.2589,11.9308,11.5395,11.4993,11.6495,
39.872,12,12.4977,12.1289,12.275,11.9445,11.5426,11.5107,11.632,
39.92,12,12.5092,12.1445,12.291,11.9585,11.5467,11.5237,11.6214,
39.968,12,12.5207,12.1603,12.307,11.9727,11.5519,11.5383,11.6291,
40.016,12,12.5322,12.1762,12.3228,11.9872,11.5582,11.5545,11.65,
40.064,12,12.5437,12.1923,12.3386,12.0019,11.5657,11.5722,11.6662,
40.112,12,12.5552,12.2085,12.3542,12.0169,11.5744,11.5915,11.6632,
40.16,12,12.5667,12.2248,12.3698,12.0321,11.5842,11.6121,11.6433,
40.208,12,12.5782,12.2412,12.3853,12.0476,11.5953,11.6342,11.625,
40.256,12,12.5897,12.2577,12.4007,12.0634,11.6076,11.6575,11.6268,
40.304,12,12.6012,12.2744,12.416,12.0795,11.621,11.6822,11.6508,
40.352,12,12.6127,12.2912,12.4312,12.0958,11.6358,11.7079,11.6784,
40.4,12,12.6242,12.3081,12.4463,12.1123,11.6517,11.7348,11.6858,
40.448,12,12.6357,12.3251,12.4613,12.1292,11.6688,11.7626,11.6651,
40.496,12,12.6472,12.3422,12.4763,12.1463,11.6871,11.7914,11.6334,
40.544,12,12.6587,12.3595,12.4911,12.1636,11.7066,11.8209,11.6204,
40.592,12,12.6702,12.3768,12.5059,12.1812,11.7272,11.851,11.6425,
40.64,12,12.6816,12.3942,12.5206,12.199,11.7489,11.8818,11.6854,
40.688,12,12.6931,12.4118,12.5352,12.2171,11.7718,11.913,11.711,
40.736,12,12.7046,12.4294,12.5498,12.2355,11.7957,11.9445,11.6877,
40.784,12,12.7161,12.4471,12.5642,12.254,11.8206,11.9763,11.6216,
40.832,12,12.7275,12.4649,12.5787,12.2728,11.8466,12.0082,11.5649,
40.88,12,12.739,12.4828,12.593,12.2919,11.8734,12.0401,11.5895,
40.928,12,12.7505,12.5008,12.6073,12.3111,11.9012,12.0719,11.7418,
40.976,12,12.7619,12.5188,12.6215,12.3306,11.9299,12.1035,12.0086,
41.024,13,12.7734,12.537,12.6356,12.3502,11.9594,12.1348,12.3182,
41.072,13,12.7848,12.5552,12.6497,12.3701,11.9896,12.1656,12.5771,
41.12,13,12.7963,12.5734,12.6638,12.3902,12.0206,12.196,12.7205,
41.168,13,12.8077,12.5918,12.6778,12.4104,12.0522,12.2258,12.7431,
41.216,13,12.8192,12.6102,12.6917,12.4308,12.0845,12.255,12.6936,
41.264,13,12.8306,12.6287,12.7056,12.4514,12.1173,12.2834,12.6382,
41.312,13,12.8421,12.6472,12.7195,12.4722,12.1506,12.3111,12.6207,
41.36,13,12.8535,12.6658,12.7333,12.4931,12.1844,12.338,12.6435,
41.408,13,12.865,12.6844,12.7471,12.5141,12.2186,12.364,12.6788,
41.456,13,12.8764,12.7031,12.7609,12.5353,12.2532,12.3892,12.6963,
41.504,13,12.8878,12.7218,12.7746,12.5566,12.288,12.4135,12.6868,
41.552,13,12.8993,12.7405,12.7883,12.578,12.3231,12.4369,12.6646,
41.6,13,12.9107,12.7593,12.802,12.5995,12.3583,12.4594,12.6518,
41.648,13,12.9221,12.7782,12.8157,12.6211,12.3937,12.4811,12.6593,
41.696,13,12.9335,12.797,12.8293,12.6427,12.4291,12.502,12.6792,
41.744,13,12.9449,12.8159,12.8429,12.6645,12.4646,12.5221,12.6937,
41.792,13,12.9564,12.8348,12.8566,12.6863,12.5,12.5415,12.6914,
41.84,13,12.9678,12.8538,12.8702,12.7082,12.5354,12.5603,12.6761,
41.888,13,12.9792,12.8727,12.8838,12.7301,12.5706,12.5785,12.6623,
41.936,13,12.9906,12.8917,12.8974,12.752,12.6057,12.5962,12.6624,
41.984,13,13.002,12.9107,12.911,12.774,12.6406,12.6136,12.6758,
42.032,13,13.0134,12.9297,12.9247,12.796,12.6751,12.6306,12.6899,
42.08,13,13.0248,12.9487,12.9383,12.8179,12.7094,12.6474,12.6919,
42.128,13,13.0362,12.9677,12.9519,12.8399,12.7434,12.6641,12.6802,
42.176,13,13.0476,12.9866,12.9656,12.8618,12.7769,12.6808,12.6658,
42.224,13,13.059,13.0056,12.9792,12.8837,12.81,12.6976,12.6633,
42.272,13,13.0704,13.0246,12.9929,12.9056,12.8427,12.7147,12.6774,
42.32,13,13.0818,13.0436,13.0067,12.9274,12.8749,12.732,12.6979,
42.368,13,13.0932,13.0626,13.0204,12.9492,12.9066,12.7498,12.7073,
42.416,13,13.1045,13.0815,13.0341,12.9709,12.9377,12.7681,12.6961,
42.464,13,13.1159,13.1004,13.0479,12.9925,12.9682,12.787,12.6717,
42.512,13,13.1273,13.1193,13.0618,13.014,12.9981,12.8066,12.6549,
42.56,13,13.1387,13.1382,13.0756,13.0354,13.0274,12.8269,12.6629,
42.608,13,13.15,13.1571,13.0895,13.0567,13.0561,12.848,12.6934,
42.656,13,13.1614,13.1759,13.1034,13.0779,13.0841,12.8701,12.7226,
42.704,13,13.1728,13.1947,13.1174,13.099,13.1114,12.893,12.7211,
42.752,13,13.1841,13.2134,13.1314,13.1199,13.138,12.9169,12.679,
42.8,13,13.1955,13.2321,13.1455,13.1407,13.1638,12.9417,12.6212,
42.848,13,13.2069,13.2508,13.1596,13.1614,13.189,12.9675,12.6019,
42.896,13,13.2182,13.2694,13.1737,13.1819,13.2134,12.9942,12.6756,
42.944,13,13.2296,13.288,13.1879,13.2022,13.2371,13.0219,12.8645,
42.992,13,13.2409,13.3065,13.2021,13.2224,13.2601,13.0504,13.1394,
43.04,14,13.2523,13.3249,13.2164,13.2424,13.2822,13.0798,13.43,
43.088,14,13.2636,13.3434,13.2307,13.2622,13.3037,13.1099,13.658,
43.136,14,13.275,13.3617,13.2451,13.2818,13.3243,13.1406,13.775,
43.184,14,13.2863,13.38,13.2596,13.3012,13.3442,13.172,13.7831,
43.232,14,13.2977,13.3982,13.2741,13.3204,13.3634,13.2038,13.7278,
43.28,14,13.309,13.4164,13.2886,13.3394,13.3818,13.2359,13.6688,
43.328,14,13.3203,13.4345,13.3032,13.3582,13.3995,13.2683,13.6474,
43.376,14,13.3317,13.4525,13.3178,13.3768,13.4164,13.3008,13.6694,
43.424,14,13.343,13.4704,13.3325,13.3952,13.4326,13.3332,13.711,
43.472,14,13.3543,13.4883,13.3473,13.4133,13.448,13.3654,13.7405,
43.52,14,13.3657,13.5061,13.3621,13.4312,13.4628,13.3973,13.7408,
43.568,14,13.377,13.5238,13.377,13.4489,13.4768,13.4286,13.718,
43.616,14,13.3883,13.5414,13.3919,13.4664,13.4902,13.4593,13.6933,
43.664,14,13.3996,13.559,13.4069,13.4836,13.5028,13.4891,13.686,
43.712,14,13.4109,13.5764,13.4219,13.5005,13.5149,13.518,13.7003,
43.76,14,13.4222,13.5938,13.437,13.5173,13.5262,13.5457,13.7243,
43.808,14,13.4336,13.6111,13.4521,13.5338,13.5369,13.5722,13.7402,
43.856,14,13.4449,13.6283,13.4673,13.55,13.547,13.5972,13.7377,
43.904,14,13.4562,13.6454,13.4825,13.566,13.5566,13.6207,13.7202,
43.952,14,13.4675,13.6624,13.4978,13.5818,13.5655,13.6426,13.7019,
44,14,13.4788,13.6793,13.5131,13.5973,13.5739,13.6627,13.6964,
44.048,14,13.4901,13.6961,13.5284,13.6125,13.5817,13.6809,13.7073,
44.096,14,13.5014,13.7128,13.5438,13.6275,13.589,13.6973,13.7267,
44.144,14,13.5127,13.7294,13.5593,13.6423,13.5958,13.7116,13.7415,
44.192,14,13.524,13.7459,13.5748,13.6568,13.6022,13.7239,13.7431,
44.24,14,13.5352,13.7622,13.5903,13.6711,13.6081,13.7341,13.7328,
44.288,14,13.5465,13.7785,13.6059,13.6852,13.6135,13.7422,13.7205,
44.336,14,13.5578,13.7947,13.6215,13.6989,13.6186,13.7483,13.7167,
44.384,14,13.5691,13.8108,13.6371,13.7125,13.6233,13.7523,13.7251,
44.432,14,13.5804,13.8267,13.6528,13.7258,13.6276,13.7543,13.74,
44.48,14,13.5917,13.8426,13.6685,13.7389,13.6316,13.7544,13.751,
44.528,14,13.6029,13.8583,13.6842,13.7518,13.6353,13.7525,13.7506,
44.576,14,13.6142,13.8739,13.7,13.7644,13.6387,13.7489,13.7393,
44.624,14,13.6255,13.8894,13.7157,13.7768,13.6418,13.7437,13.7253,
44.672,14,13.6367,13.9048,13.7315,13.7889,13.6447,13.7368,13.7184,
44.72,14,13.648,13.9201,13.7473,13.8009,13.6475,13.7286,13.7233,
44.768,14,13.6593,13.9352,13.7632,13.8126,13.65,13.7191,13.7367,
44.816,14,13.6705,13.9502,13.779,13.8241,13.6524,13.7085,13.7497,
44.864,14,13.6818,13.9651,13.7948,13.8354,13.6547,13.697,13.7541,
44.912,14,13.693,13.9799,13.8107,13.8466,13.6569,13.6847,13.7484,
44.96,14,13.7043,13.9946,13.8266,13.8575,13.659,13.6719,13.738,
45.008,14,13.7156,14.0092,13.8424,13.8682,13.6611,13.6587,13.7315,
45.056,14,13.7268,14.0236,13.8583,13.8787,13.6632,13.6453,13.7343,
45.104,14,13.738,14.0379,13.8741,13.889,13.6653,13.632,13.7449,
45.152,14,13.7493,14.0521,13.89,13.8992,13.6675,13.619,13.7561,
45.2,14,13.7605,14.0661,13.9058,13.9092,13.6697,13.6063,13.7598,
45.248,14,13.7718,14.08,13.9216,13.919,13.672,13.5943,13.7529,
45.296,14,13.783,14.0939,13.9374,13.9286,13.6745,13.5831,13.7393,
45.344,14,13.7942,14.1075,13.9532,13.9381,13.6771,13.5729,13.7278,
45.392,14,13.8055,14.1211,13.969,13.9474,13.6798,13.5639,13.7257,
45.44,14,13.8167,14.1345,13.9847,13.9566,13.6828,13.5562,13.7342,
45.488,14,13.8279,14.1478,14.0004,13.9656,13.686,13.55,13.7478,
45.536,14,13.8392,14.161,14.0161,13.9745,13.6895,13.5454,13.7574,
45.584,14,13.8504,14.1741,14.0317,13.9833,13.6932,13.5426,13.7571,
45.632,14,13.8616,14.187,14.0473,13.9919,13.6972,13.5416,13.7474,
45.68,14,13.8728,14.1998,14.0629,14.0005,13.7016,13.5425,13.7355,
45.728,14,13.884,14.2125,14.0784,14.0089,13.7063,13.5455,13.7296,
45.776,14,13.8953,14.2251,14.0938,14.0172,13.7113,13.5505,13.7342,
45.824,14,13.9065,14.2375,14.1092,14.0254,13.7168,13.5577,13.7461,
45.872,14,13.9177,14.2498,14.1246,14.0335,13.7226,13.567,13.7567,
45.92,14,13.9289,14.262,14.1399,14.0415,13.7288,13.5785,13.7575,
45.968,14,13.9401,14.274,14.1551,14.0494,13.7355,13.5921,13.7462,
46.016,14,13.9513,14.286,14.1703,14.0573,13.7426,13.6077,13.7284,
46.064,14,13.9625,14.2978,14.1854,14.065,13.7502,13.6255,13.7149,
46.112,14,13.9737,14.3095,14.2004,14.0727,13.7583,13.6452,13.7147,
46.16,14,13.9849,14.3211,14.2154,14.0804,13.7669,13.6668,13.7289,
46.208,14,13.9961,14.3325,14.2303,14.088,13.7759,13.6903,13.7497,
46.256,14,14.0073,14.3438,14.2451,14.0955,13.7855,13.7154,13.7645,
46.304,14,14.0185,14.355,14.2598,14.103,13.7955,13.7421,13.7638,
46.352,14,14.0297,14.3661,14.2744,14.1105,13.8061,13.7702,13.7477,
46.4,14,14.0408,14.3771,14.289,14.1179,13.8172,13.7997,13.7267,
46.448,14,14.052,14.388,14.3034,14.1253,13.8288,13.8303,13.7159,
46.496,14,14.0632,14.3987,14.3178,14.1327,13.841,13.8618,13.7252,
46.544,14,14.0744,14.4093,14.332,14.1401,13.8537,13.8942,13.7517,
46.592,14,14.0856,14.4198,14.3462,14.1475,13.8669,13.9273,13.7795,
46.64,14,14.0967,14.4302,14.3603,14.1548,13.8806,13.9608,13.7875,
46.688,14,14.1079,14.4405,14.3742,14.1622,13.8948,13.9946,13.7625,
46.736,14,14.1191,14.4507,14.3881,14.1695,13.9096,14.0285,13.7105,
46.784,14,14.1302,14.4607,14.4018,14.1769,13.9248,14.0624,13.6591,
46.832,14,14.1414,14.4707,14.4155,14.1843,13.9405,14.0961,13.6488,
46.88,14,14.1526,14.4805,14.429,14.1917,13.9567,14.1295,13.7157,
46.928,14,14.1637,14.4902,14.4424,14.1991,13.9733,14.1623,13.8743,
46.976,14,14.1749,14.4998,14.4557,14.2065,13.9904,14.1944,14.1073,
47.024,15,14.186,14.5094,14.4688,14.214,14.008,14.2257,14.37,
47.072,15,14.1972,14.5188,14.4819,14.2215,14.0259,14.2561,14.6058,
47.12,15,14.2083,14.5281,14.4948,14.2291,14.0442,14.2854,14.7681,
47.168,15,14.2195,14.5373,14.5076,14.2366,14.0629,14.3135,14.8374,
47.216,15,14.2306,14.5464,14.5203,14.2443,14.0819,14.3404,14.826,
47.264,15,14.2418,14.5554,14.5328,14.252,14.1013,14.366,14.7704,
47.312,15,14.2529,14.5643,14.5452,14.2597,14.1209,14.3901,14.713,
47.36,15,14.2641,14.5731,14.5575,14.2675,14.1408,14.4128,14.6839,
47.408,15,14.2752,14.5818,14.5697,14.2754,14.161,14.4341,14.691,
47.456,15,14.2863,14.5904,14.5817,14.2833,14.1813,14.4537,14.7213,
47.504,15,14.2975,14.599,14.5935,14.2913,14.2019,14.4719,14.7517,
47.552,15,14.3086,14.6074,14.6053,14.2993,14.2225,14.4886,14.7639,
47.6,15,14.3197,14.6157,14.6169,14.3074,14.2433,14.5037,14.7534,
47.648,15,14.3309,14.624,14.6284,14.3156,14.2642,14.5174,14.7304,
47.696,15,14.342,14.6322,14.6397,14.3239,14.2852,14.5296,14.7118,
47.744,15,14.3531,14.6402,14.6509,14.3322,14.3061,14.5404,14.7108,
47.792,15,14.3642,14.6482,14.6619,14.3406,14.327,14.55,14.7287,
47.84,15,14.3753,14.6562,14.6728,14.3491,14.3479,14.5582,14.7552,
47.888,15,14.3865,14.664,14.6836,14.3577,14.3687,14.5653,14.7747,
47.936,15,14.3976,14.6718,14.6942,14.3664,14.3893,14.5714,14.7756,
47.984,15,14.4087,14.6794,14.7047,14.3751,14.4098,14.5764,14.7572,
48.032,15,14.4198,14.6871,14.7151,14.3839,14.4301,14.5806,14.7297,
48.08,15,14.4309,14.6946,14.7253,14.3928,14.4502,14.5839,14.7073,
48.128,15,14.442,14.702,14.7353,14.4018,14.47,14.5866,14.7004,
48.176,15,14.4531,14.7094,14.7452,14.4109,14.4895,14.5888,14.7096,
48.224,15,14.4642,14.7168,14.755,14.42,14.5086,14.5904,14.7259,
48.272,15,14.4753,14.724,14.7646,14.4293,14.5274,14.5917,14.7373,
48.32,15,14.4864,14.7312,14.7741,14.4386,14.5458,14.5928,14.7366,
48.368,15,14.4975,14.7383,14.7835,14.448,14.5638,14.5937,14.7263,
48.416,15,14.5086,14.7454,14.7927,14.4575,14.5813,14.5946,14.7172,
48.464,15,14.5197,14.7524,14.8018,14.4671,14.5983,14.5955,14.7214,
48.512,15,14.5308,14.7593,14.8107,14.4768,14.6148,14.5965,14.744,
48.56,15,14.5419,14.7662,14.8195,14.4865,14.6307,14.5978,14.778,
48.608,15,14.553,14.773,14.8282,14.4964,14.646,14.5993,14.8066,
48.656,15,14.564,14.7798,14.8367,14.5063,14.6608,14.6012,14.8116,
48.704,15,14.5751,14.7865,14.8451,14.5163,14.6749,14.6034,14.7834,
48.752,15,14.5862,14.7932,14.8533,14.5264,14.6884,14.6061,14.7282,
48.8,15,14.5973,14.7998,14.8615,14.5365,14.7013,14.6093,14.6662,
48.848,15,14.6083,14.8064,14.8695,14.5468,14.7134,14.6129,14.6237,
48.896,15,14.6194,14.8129,14.8773,14.5571,14.7249,14.6171,14.6202,
48.944,15,14.6305,14.8194,14.8851,14.5674,14.7356,14.6218,14.6591,
48.992,15,14.6416,14.8258,14.8927,14.5779,14.7457,14.627,14.7257,
49.04,15,14.6526,14.8322,14.9002,14.5884,14.755,14.6326,14.7935,
49.088,15,14.6637,14.8386,14.9075,14.599,14.7635,14.6388,14.836,
49.136,15,14.6747,14.8449,14.9148,14.6096,14.7713,14.6453,14.8387,
49.184,15,14.6858,14.8512,14.9219,14.6203,14.7784,14.6523,14.804,
49.232,15,14.6969,14.8574,14.9289,14.6311,14.7847,14.6596,14.7492,
49.28,15,14.7079,14.8637,14.9358,14.6419,14.7903,14.6672,14.697,
49.328,15,14.719,14.8699,14.9426,14.6528,14.7951,14.675,14.6658,
49.376,15,14.73,14.876,14.9492,14.6637,14.7992,14.6829,14.6617,
49.424,15,14.7411,14.8822,14.9558,14.6747,14.8026,14.6909,14.6787,
49.472,15,14.7521,14.8883,14.9622,14.6857,14.8052,14.6989,14.7036,
49.52,15,14.7632,14.8944,14.9686,14.6968,14.8072,14.7068,14.724,
49.568,15,14.7742,14.9004,14.9748,14.7079,14.8084,14.7145,14.7337,
49.616,15,14.7852,14.9065,14.9809,14.719,14.809,14.722,14.7346,
49.664,15,14.7963,14.9125,14.987,14.7302,14.8089,14.7292,14.7333,
49.712,15,14.8073,14.9185,14.9929,14.7414,14.8082,14.7359,14.7356,
49.76,15,14.8184,14.9245,14.9988,14.7526,14.8068,14.7421,14.7427,
49.808,15,14.8294,14.9305,15.0046,14.7638,14.8049,14.7477,14.7509,
49.856,15,14.8404,14.9364,15.0102,14.7751,14.8024,14.7527,14.7539,
49.904,15,14.8514,14.9424,15.0158,14.7864,14.7994,14.757,14.7475,
49.952,15,14.8625,14.9483,15.0214,14.7977,14.7958,14.7605,14.7325,
50,15,14.8735,14.9543,15.0268,14.809,14.7918,14.7631,14.7146,
